{
 "name": "zombeach_bum",
 "neck": {
  "x": 0,
  "y": 0
 },
 "parts": [
  {
   "file": "Body.png",
   "group": "root",
   "px": 9,
   "py": -11,
   "ax": 0.63,
   "ay": 0.6599999999999999,
   "z": 3
  },
  {
   "file": "Hat.png",
   "group": "root",
   "px": 7,
   "py": -36,
   "ax": 0.6940513253211975,
   "ay": 0.19388416223227978,
   "z": 11
  },
  {
   "file": "FootB.png",
   "group": "footB",
   "px": 1,
   "py": -7,
   "ax": 0.75,
   "ay": 0.09999999999999998,
   "z": 1
  },
  {
   "file": "FootF.png",
   "group": "footF",
   "px": 13,
   "py": -7,
   "ax": 0.75,
   "ay": 0.09999999999999998,
   "z": 2
  }
 ]
}